	Locus	snp_50bp	Position
0	18S	1.5176151761517616	[40, 48, 147, 156, 170, 200, 206, 215, 301, 315, 344, 363, 381, 429, 459, 460, 467, 477, 499, 524, 564, 620, 632, 637, 643, 653, 660, 668, 680, 685, 691, 706, 720, 1029, 1043, 1330, 1346, 1374, 1381, 1457, 1467, 1474, 1485, 1497, 1504, 1534, 1556, 1564, 1586, 1645, 1662, 1669, 1673, 1714, 1784, 1815]
0	ITS1	2.579365079365079	[3, 29, 35, 42, 65, 71, 83, 127, 136, 140, 186, 205, 215, 229, 235, 270, 316, 332, 408, 433, 435, 449, 461, 476, 480, 494]
0	5.8S	2.287581699346405	[63, 93, 107, 118, 119, 131, 141]
0	ITS2	3.9408866995073892	[8, 24, 35, 49, 65, 74, 88, 93, 104, 113, 124, 141, 150, 164, 182, 193]
0	28S	1.4014598540145984	[24, 108, 130, 132, 136, 144, 162, 174, 180, 192, 203, 209, 240, 251, 255, 259, 262, 269, 334, 360, 365, 401, 423, 437, 448, 468, 478, 483, 542, 559, 567, 585, 600, 608, 619, 621, 631, 642, 648, 650, 667, 754, 772, 840, 845, 850, 878, 883, 888, 904, 930, 940, 952, 1158, 1253, 1264, 1285, 1296, 1355, 1407, 1528, 1537, 1546, 1637, 1759, 1769, 1785, 1796, 1802, 1839, 1865, 1877, 1929, 1952, 1973, 1987, 1999, 2012, 2024, 2031, 2039, 2043, 2048, 2070, 2213, 2244, 2264, 2268, 2270, 2291, 2343, 2356, 2440, 2560, 2572, 2841]
0	18S	0.6775832862789385	[16, 54, 95, 114, 154, 172, 241, 463, 571, 598, 606, 624, 627, 629, 638, 647, 792, 867, 935, 1327, 1337, 1373, 1476, 1517]
0	ITS1	3.0232558139534884	[22, 32, 38, 72, 86, 92, 131, 147, 169, 177, 193, 199, 200]
0	5.8S	2.631578947368421	[5, 24, 66, 82, 109, 122, 131, 138]
0	ITS2	4.263565891472868	[21, 28, 33, 45, 66, 76, 79, 82, 85, 89, 103]
0	28S	0.8808147536471236	[57, 85, 93, 109, 115, 145, 152, 160, 188, 217, 226, 238, 306, 398, 427, 428, 433, 440, 463, 488, 493, 506, 511, 524, 557, 616, 629, 649, 692, 820, 825, 844, 870, 882, 919, 1118, 1120, 1199, 1322, 1464, 1486, 1493, 1662, 1729, 1743, 1750, 1805, 1815, 1850, 1900, 1936, 1944, 2018, 2037, 2179, 2205, 2210, 2260, 2289, 2761, 3422, 3463, 3514, 3574]
0	18S	0.11441647597254005	[35, 608, 1018, 1151]
0	ITS1	0.7163323782234957	[75, 131, 216, 290, 311]
0	5.8S	1.2738853503184715	[15, 20, 153, 156]
0	ITS2	1.282051282051282	[7, 26, 55, 185, 200, 205, 253]
0	28S	0.0717772035601493	[456, 502, 683, 1421, 3085]
0	18S	0.7622811970638058	[16, 54, 71, 95, 114, 154, 172, 241, 463, 569, 571, 598, 606, 624, 627, 629, 638, 647, 666, 792, 798, 867, 935, 1327, 1337, 1373, 1476]
0	ITS1	2.558139534883721	[32, 38, 72, 86, 92, 129, 147, 169, 177, 193, 194]
0	5.8S	2.631578947368421	[5, 24, 66, 82, 109, 122, 131, 138]
0	ITS2	4.651162790697675	[20, 28, 33, 37, 45, 66, 76, 79, 82, 85, 89, 103]
0	28S	0.990916597853014	[57, 85, 93, 109, 115, 145, 152, 160, 164, 188, 217, 226, 238, 306, 355, 398, 427, 428, 433, 440, 463, 488, 493, 505, 511, 524, 557, 616, 629, 649, 658, 727, 815, 820, 825, 844, 870, 882, 919, 1118, 1120, 1199, 1223, 1322, 1464, 1486, 1493, 1662, 1717, 1729, 1743, 1750, 1805, 1815, 1850, 1897, 1900, 1936, 1944, 1972, 2037, 2179, 2205, 2210, 2260, 2289, 2761, 3292, 3422, 3463, 3514, 3574]
0	18S	0.0	[]
0	ITS1	0.0	[]
0	5.8S	0.0	[]
0	ITS2	0.0	[]
0	28S	0.0	[]
0	18S	0.0	[]
0	ITS1	0.0	[]
0	5.8S	0.0	[]
0	ITS2	0.0	[]
0	28S	0.0	[]
