	CHROM	POS	COUNT	REF	ALT	Count_REF	Count_ALT_1	Count_ALT_2	COUNT_ALL	Rat_REF	Rat_ALT_1	Rat_ALT_2	TYPE
0	18S_M_Incognita_FXSY01002986.1:3099-4870	16	['1966', '6640']	C	T	1966.0	6640.0	0.0	8606.0	0.22844527074134324	0.7715547292586568	0.0	snp
3	18S_M_Incognita_FXSY01002986.1:3099-4870	54	['2938', '7012']	GTTTTAAC	GTTTATC	2938.0	7012.0	0.0	9950.0	0.29527638190954775	0.7047236180904523	0.0	complex
5	18S_M_Incognita_FXSY01002986.1:3099-4870	95	['4724', '5055']	G	T	4724.0	5055.0	0.0	9779.0	0.48307597913897127	0.5169240208610287	0.0	snp
6	18S_M_Incognita_FXSY01002986.1:3099-4870	114	['4686', '5108']	A	G	4686.0	5108.0	0.0	9794.0	0.4784561976720441	0.5215438023279559	0.0	snp
7	18S_M_Incognita_FXSY01002986.1:3099-4870	154	['94', '5012', '3709']	ACACC	GCACT,GCACC	94.0	5012.0	3709.0	8815.0	0.010663641520136132	0.5685762904140669	0.4207600680657969	complex,snp
8	18S_M_Incognita_FXSY01002986.1:3099-4870	172	['3906', '4623']	CT	TA	3906.0	4623.0	0.0	8529.0	0.4579669363348575	0.5420330636651425	0.0	mnp
9	18S_M_Incognita_FXSY01002986.1:3099-4870	241	['3887', '4413']	A	T	3887.0	4413.0	0.0	8300.0	0.4683132530120482	0.5316867469879518	0.0	snp
10	18S_M_Incognita_FXSY01002986.1:3099-4870	463	['1390', '6085']	TC	CT	1390.0	6085.0	0.0	7475.0	0.18595317725752508	0.8140468227424749	0.0	mnp
12	18S_M_Incognita_FXSY01002986.1:3099-4870	571	['5245', '4507']	T	A	5245.0	4507.0	0.0	9752.0	0.5378383921246924	0.46216160787530763	0.0	snp
13	18S_M_Incognita_FXSY01002986.1:3099-4870	598	['5020', '4492']	A	G	5020.0	4492.0	0.0	9512.0	0.5277544154751892	0.47224558452481075	0.0	snp
14	18S_M_Incognita_FXSY01002986.1:3099-4870	606	['5100', '4497']	G	A	5100.0	4497.0	0.0	9597.0	0.5314160675211004	0.4685839324788997	0.0	snp
15	18S_M_Incognita_FXSY01002986.1:3099-4870	624	['4861', '4476']	G	A	4861.0	4476.0	0.0	9337.0	0.5206169005033737	0.47938309949662633	0.0	snp
16	18S_M_Incognita_FXSY01002986.1:3099-4870	627	['6658', '2632']	C	T	6658.0	2632.0	0.0	9290.0	0.7166846071044134	0.28331539289558666	0.0	snp
17	18S_M_Incognita_FXSY01002986.1:3099-4870	629	['4893', '4449']	C	T	4893.0	4449.0	0.0	9342.0	0.5237636480411046	0.4762363519588953	0.0	snp
18	18S_M_Incognita_FXSY01002986.1:3099-4870	638	['152', '3545', '3990']	ACCG	TTCG,TCCG	152.0	3545.0	3990.0	7687.0	0.01977364381423182	0.4611682060621829	0.5190581501235852	mnp,snp
19	18S_M_Incognita_FXSY01002986.1:3099-4870	647	['4122', '4065']	TTCTG	CTCTA	4122.0	4065.0	0.0	8187.0	0.5034811286185416	0.4965188713814584	0.0	complex
20	18S_M_Incognita_FXSY01002986.1:3099-4870	666	['8554', '957']	A	T	8554.0	957.0	0.0	9511.0	0.8993796656502997	0.10062033434970034	0.0	snp
21	18S_M_Incognita_FXSY01002986.1:3099-4870	792	['5311', '4637']	C	T	5311.0	4637.0	0.0	9948.0	0.5338761560112586	0.46612384398874146	0.0	snp
23	18S_M_Incognita_FXSY01002986.1:3099-4870	867	['5118', '4549']	C	T	5118.0	4549.0	0.0	9667.0	0.5294300196544947	0.47056998034550535	0.0	snp
24	18S_M_Incognita_FXSY01002986.1:3099-4870	935	['2587', '6096']	CTTC	TTTT	2587.0	6096.0	0.0	8683.0	0.29793850051825405	0.7020614994817459	0.0	complex
27	18S_M_Incognita_FXSY01002986.1:3099-4870	1327	['2405', '6446']	C	T	2405.0	6446.0	0.0	8851.0	0.2717207095243475	0.7282792904756524	0.0	snp
28	18S_M_Incognita_FXSY01002986.1:3099-4870	1332	['7011', '1706']	A	G	7011.0	1706.0	0.0	8717.0	0.8042904669037513	0.19570953309624872	0.0	snp
29	18S_M_Incognita_FXSY01002986.1:3099-4870	1337	['724', '5003', '1727']	ATTTAA	CTCTTA,CTCTTT	724.0	5003.0	1727.0	7454.0	0.09712905822377248	0.6711832573115106	0.23168768446471694	complex,complex
30	18S_M_Incognita_FXSY01002986.1:3099-4870	1373	['2354', '6656']	T	C	2354.0	6656.0	0.0	9010.0	0.26126526082130963	0.7387347391786904	0.0	snp
31	18S_M_Incognita_FXSY01002986.1:3099-4870	1476	['2374', '6461']	C	T	2374.0	6461.0	0.0	8835.0	0.2687040181097906	0.7312959818902094	0.0	snp
35	ITS1_M_Incognita_FXSY01002986.1:4871-5085	32	['57', '550', '599']	CGTA	TGA,CAAA	57.0	550.0	599.0	1206.0	0.0472636815920398	0.4560530679933665	0.4966832504145937	complex,mnp
36	ITS1_M_Incognita_FXSY01002986.1:4871-5085	38	['377', '445', '756']	TATATT	TGATC,TATACT	377.0	445.0	756.0	1578.0	0.23891001267427123	0.28200253485424587	0.4790874524714829	complex,snp
37	ITS1_M_Incognita_FXSY01002986.1:4871-5085	72	['2712', '2833']	G	A	2712.0	2833.0	0.0	5545.0	0.4890892696122633	0.5109107303877367	0.0	snp
38	ITS1_M_Incognita_FXSY01002986.1:4871-5085	86	['3770', '2934']	A	G	3770.0	2934.0	0.0	6704.0	0.5623508353221957	0.4376491646778043	0.0	snp
39	ITS1_M_Incognita_FXSY01002986.1:4871-5085	92	['5294', '1771']	G	T	5294.0	1771.0	0.0	7065.0	0.7493276716206653	0.25067232837933473	0.0	snp
40	ITS1_M_Incognita_FXSY01002986.1:4871-5085	129	['4363', '2439']	CTCTAATGAGTTT	CTCTTTAATGAGTTT	4363.0	2439.0	0.0	6802.0	0.6414289914730962	0.3585710085269039	0.0	ins
41	ITS1_M_Incognita_FXSY01002986.1:4871-5085	147	['4907', '3765']	T	C	4907.0	3765.0	0.0	8672.0	0.5658440959409594	0.4341559040590406	0.0	snp
42	ITS1_M_Incognita_FXSY01002986.1:4871-5085	169	['4168', '2977']	A	C	4168.0	2977.0	0.0	7145.0	0.5833449965010497	0.4166550034989503	0.0	snp
43	ITS1_M_Incognita_FXSY01002986.1:4871-5085	177	['2228', '407', '346']	ACTCTTTTTTTCTCTA	AACCTTTTTTTTCTCTA,ACTCTTTTTTCTCTA	2228.0	407.0	346.0	2981.0	0.74740020127474	0.13653136531365315	0.11606843341160684	complex,del
44	ITS1_M_Incognita_FXSY01002986.1:4871-5085	193	['2808', '400']	T	C	2808.0	400.0	0.0	3208.0	0.8753117206982544	0.12468827930174564	0.0	snp
45	ITS1_M_Incognita_FXSY01002986.1:4871-5085	199	['2060', '406']	T	A	2060.0	406.0	0.0	2466.0	0.8353609083536091	0.16463909164639093	0.0	snp
46	ITS1_M_Incognita_FXSY01002986.1:4871-5085	200	['1985', '416']	T	A	1985.0	416.0	0.0	2401.0	0.8267388588088297	0.17326114119117034	0.0	snp
48	5.8S_M_Incognita_FXSY01002986.1:5086-5237	5	['195', '201']	G	C	195.0	201.0	0.0	396.0	0.49242424242424243	0.5075757575757576	0.0	snp
50	5.8S_M_Incognita_FXSY01002986.1:5086-5237	24	['1127', '3811']	C	A	1127.0	3811.0	0.0	4938.0	0.22823005265289592	0.7717699473471041	0.0	snp
52	5.8S_M_Incognita_FXSY01002986.1:5086-5237	66	['2682', '4361']	TG	AT	2682.0	4361.0	0.0	7043.0	0.38080363481470964	0.6191963651852903	0.0	mnp
53	5.8S_M_Incognita_FXSY01002986.1:5086-5237	82	['3224', '3756']	ACC	GTA	3224.0	3756.0	0.0	6980.0	0.46189111747851	0.5381088825214899	0.0	mnp
54	5.8S_M_Incognita_FXSY01002986.1:5086-5237	109	['3443', '3518']	TATT	AATG	3443.0	3518.0	0.0	6961.0	0.4946128429823301	0.5053871570176699	0.0	complex
55	5.8S_M_Incognita_FXSY01002986.1:5086-5237	115	['5667', '1630']	C	A	5667.0	1630.0	0.0	7297.0	0.7766205289845142	0.2233794710154858	0.0	snp
56	5.8S_M_Incognita_FXSY01002986.1:5086-5237	122	['3751', '3248']	G	A	3751.0	3248.0	0.0	6999.0	0.5359337048149736	0.46406629518502646	0.0	snp
57	5.8S_M_Incognita_FXSY01002986.1:5086-5237	131	['2535', '3744']	C	T	2535.0	3744.0	0.0	6279.0	0.40372670807453415	0.5962732919254659	0.0	snp
59	5.8S_M_Incognita_FXSY01002986.1:5086-5237	138	['2706', '2980']	T	A	2706.0	2980.0	0.0	5686.0	0.4759057333802322	0.5240942666197679	0.0	snp
60	ITS2_M_Incognita_FXSY01002986.1:5238-5366	21	['768', '90']	A	G	768.0	90.0	0.0	858.0	0.8951048951048951	0.1048951048951049	0.0	snp
65	ITS2_M_Incognita_FXSY01002986.1:5238-5366	60	['751', '989']	AAGAGGA	AAGAGGT	751.0	989.0	0.0	1740.0	0.43160919540229886	0.5683908045977012	0.0	snp
66	ITS2_M_Incognita_FXSY01002986.1:5238-5366	76	['1369', '735']	G	A	1369.0	735.0	0.0	2104.0	0.6506653992395437	0.34933460076045625	0.0	snp
67	ITS2_M_Incognita_FXSY01002986.1:5238-5366	79	['982', '1117']	C	A	982.0	1117.0	0.0	2099.0	0.46784182944259173	0.5321581705574083	0.0	snp
68	ITS2_M_Incognita_FXSY01002986.1:5238-5366	82	['1714', '380']	A	G	1714.0	380.0	0.0	2094.0	0.8185291308500477	0.18147086914995225	0.0	snp
69	ITS2_M_Incognita_FXSY01002986.1:5238-5366	85	['925', '1120']	G	T	925.0	1120.0	0.0	2045.0	0.45232273838630804	0.5476772616136919	0.0	snp
70	ITS2_M_Incognita_FXSY01002986.1:5238-5366	89	['37', '467', '1241']	AAATATAG	GAATATAA,AAATATAA	37.0	467.0	1241.0	1745.0	0.021203438395415473	0.26762177650429797	0.7111747851002865	complex,snp
72	ITS2_M_Incognita_FXSY01002986.1:5238-5366	103	['1253', '264']	AAATCAAGCAACT	GAACCAAACAATT	1253.0	264.0	0.0	1517.0	0.8259723137771918	0.17402768622280818	0.0	complex
73	28S_M_Incognita_FXSY01002986.1:5367-8999	57	['2230', '2134']	C	T	2230.0	2134.0	0.0	4364.0	0.5109990834097159	0.48900091659028416	0.0	snp
74	28S_M_Incognita_FXSY01002986.1:5367-8999	85	['3170', '3126']	C	A	3170.0	3126.0	0.0	6296.0	0.5034942820838628	0.49650571791613723	0.0	snp
76	28S_M_Incognita_FXSY01002986.1:5367-8999	93	['3510', '3281']	T	A	3510.0	3281.0	0.0	6791.0	0.5168605507289059	0.4831394492710941	0.0	snp
77	28S_M_Incognita_FXSY01002986.1:5367-8999	109	['4166', '3803']	A	G	4166.0	3803.0	0.0	7969.0	0.522775756054712	0.477224243945288	0.0	snp
78	28S_M_Incognita_FXSY01002986.1:5367-8999	115	['5231', '3164']	C	T	5231.0	3164.0	0.0	8395.0	0.6231089934484813	0.37689100655151875	0.0	snp
79	28S_M_Incognita_FXSY01002986.1:5367-8999	145	['1897', '3175', '2509']	CCGTAAT	TCGTAAA,CCGTAAA	1897.0	3175.0	2509.0	7581.0	0.2502308402585411	0.41881018335311965	0.33095897638833927	complex,snp
80	28S_M_Incognita_FXSY01002986.1:5367-8999	152	['8007', '1056']	C	T	8007.0	1056.0	0.0	9063.0	0.8834822906322409	0.11651770936775901	0.0	snp
81	28S_M_Incognita_FXSY01002986.1:5367-8999	160	['5387', '2177']	TTT	GAG	5387.0	2177.0	0.0	7564.0	0.7121893178212586	0.2878106821787414	0.0	mnp
83	28S_M_Incognita_FXSY01002986.1:5367-8999	188	['4947', '4424']	G	A	4947.0	4424.0	0.0	9371.0	0.5279052395688827	0.47209476043111726	0.0	snp
84	28S_M_Incognita_FXSY01002986.1:5367-8999	217	['4957', '4338']	A	G	4957.0	4338.0	0.0	9295.0	0.5332974717590102	0.4667025282409898	0.0	snp
85	28S_M_Incognita_FXSY01002986.1:5367-8999	226	['6817', '2563']	A	G	6817.0	2563.0	0.0	9380.0	0.7267590618336887	0.2732409381663113	0.0	snp
86	28S_M_Incognita_FXSY01002986.1:5367-8999	238	['5880', '3474']	T	C	5880.0	3474.0	0.0	9354.0	0.6286080821039127	0.3713919178960872	0.0	snp
87	28S_M_Incognita_FXSY01002986.1:5367-8999	306	['4541', '5176']	C	T	4541.0	5176.0	0.0	9717.0	0.46732530616445406	0.532674693835546	0.0	snp
90	28S_M_Incognita_FXSY01002986.1:5367-8999	398	['6085', '4561']	G	A	6085.0	4561.0	0.0	10646.0	0.5715761788465151	0.4284238211534849	0.0	snp
92	28S_M_Incognita_FXSY01002986.1:5367-8999	427	['5792', '4713']	T	A	5792.0	4713.0	0.0	10505.0	0.5513564969062351	0.4486435030937649	0.0	snp
93	28S_M_Incognita_FXSY01002986.1:5367-8999	428	['7577', '2912']	T	C	7577.0	2912.0	0.0	10489.0	0.7223758222900181	0.2776241777099819	0.0	snp
94	28S_M_Incognita_FXSY01002986.1:5367-8999	433	['5729', '4664']	G	T	5729.0	4664.0	0.0	10393.0	0.551236409121524	0.4487635908784759	0.0	snp
95	28S_M_Incognita_FXSY01002986.1:5367-8999	440	['5203', '4669']	T	G	5203.0	4669.0	0.0	9872.0	0.527046191247974	0.4729538087520259	0.0	snp
97	28S_M_Incognita_FXSY01002986.1:5367-8999	463	['5214', '4526']	T	C	5214.0	4526.0	0.0	9740.0	0.5353182751540041	0.4646817248459959	0.0	snp
99	28S_M_Incognita_FXSY01002986.1:5367-8999	488	['6159', '3262']	GG	AA	6159.0	3262.0	0.0	9421.0	0.6537522555991933	0.3462477444008067	0.0	mnp
100	28S_M_Incognita_FXSY01002986.1:5367-8999	493	['5129', '4517']	G	T	5129.0	4517.0	0.0	9646.0	0.531722993987145	0.46827700601285505	0.0	snp
101	28S_M_Incognita_FXSY01002986.1:5367-8999	506	['4987', '4698']	C	T	4987.0	4698.0	0.0	9685.0	0.5149199793495095	0.48508002065049044	0.0	snp
102	28S_M_Incognita_FXSY01002986.1:5367-8999	511	['5068', '4720']	A	G	5068.0	4720.0	0.0	9788.0	0.5177768696362893	0.4822231303637107	0.0	snp
103	28S_M_Incognita_FXSY01002986.1:5367-8999	524	['52', '4493', '4347']	TTTC	ATTG,TTTG	52.0	4493.0	4347.0	8892.0	0.005847953216374269	0.5052856500224921	0.4888663967611336	complex,snp
104	28S_M_Incognita_FXSY01002986.1:5367-8999	557	['838', '3911', '2600']	AACCGC	TTCCGT,GTCCGC	838.0	3911.0	2600.0	7349.0	0.11402911960810995	0.5321812491495441	0.3537896312423459	complex,mnp
105	28S_M_Incognita_FXSY01002986.1:5367-8999	616	['241', '3799', '2411']	TA	GG,AA	241.0	3799.0	2411.0	6451.0	0.037358549062160906	0.5889009455898311	0.37374050534800807	mnp,snp
106	28S_M_Incognita_FXSY01002986.1:5367-8999	629	['53', '3431', '2062']	TGCTTACGGGCATTA	GGCTTACGGGCATTT,GGCTCACGTGTATTT	53.0	3431.0	2062.0	5546.0	0.009556437071763433	0.6186440677966102	0.3717994951316264	complex,complex
107	28S_M_Incognita_FXSY01002986.1:5367-8999	649	['4512', '2016']	TTC	ACA	4512.0	2016.0	0.0	6528.0	0.6911764705882353	0.3088235294117647	0.0	mnp
109	28S_M_Incognita_FXSY01002986.1:5367-8999	692	['172', '2163', '6232']	AT	CC,TC	172.0	2163.0	6232.0	8567.0	0.02007703980389868	0.25248044823158633	0.727442511964515	mnp,mnp
113	28S_M_Incognita_FXSY01002986.1:5367-8999	820	['5199', '4654']	C	T	5199.0	4654.0	0.0	9853.0	0.5276565513041713	0.47234344869582867	0.0	snp
114	28S_M_Incognita_FXSY01002986.1:5367-8999	825	['5780', '3051']	AGCG	GGCG	5780.0	3051.0	0.0	8831.0	0.6545125127392142	0.3454874872607859	0.0	snp
115	28S_M_Incognita_FXSY01002986.1:5367-8999	844	['4751', '5060']	A	G	4751.0	5060.0	0.0	9811.0	0.4842523697890123	0.5157476302109877	0.0	snp
116	28S_M_Incognita_FXSY01002986.1:5367-8999	870	['6759', '3008']	T	A	6759.0	3008.0	0.0	9767.0	0.6920241629978499	0.3079758370021501	0.0	snp
118	28S_M_Incognita_FXSY01002986.1:5367-8999	882	['5123', '4680']	C	T	5123.0	4680.0	0.0	9803.0	0.5225951239416505	0.47740487605834947	0.0	snp
119	28S_M_Incognita_FXSY01002986.1:5367-8999	919	['7017', '2670']	C	A	7017.0	2670.0	0.0	9687.0	0.7243728708578507	0.27562712914214926	0.0	snp
120	28S_M_Incognita_FXSY01002986.1:5367-8999	1118	['4484', '4792']	C	A	4484.0	4792.0	0.0	9276.0	0.4833980163863734	0.5166019836136265	0.0	snp
121	28S_M_Incognita_FXSY01002986.1:5367-8999	1120	['6685', '2493']	A	C	6685.0	2493.0	0.0	9178.0	0.72837219437786	0.2716278056221399	0.0	snp
122	28S_M_Incognita_FXSY01002986.1:5367-8999	1199	['3534', '4463']	G	T	3534.0	4463.0	0.0	7997.0	0.4419157183943979	0.5580842816056021	0.0	snp
123	28S_M_Incognita_FXSY01002986.1:5367-8999	1223	['6706', '1551']	T	A	6706.0	1551.0	0.0	8257.0	0.8121593799200678	0.18784062007993219	0.0	snp
124	28S_M_Incognita_FXSY01002986.1:5367-8999	1322	['1597', '4117']	GC	AT	1597.0	4117.0	0.0	5714.0	0.27948897444872245	0.7205110255512776	0.0	mnp
125	28S_M_Incognita_FXSY01002986.1:5367-8999	1464	['1695', '6132']	C	T	1695.0	6132.0	0.0	7827.0	0.2165580682253737	0.7834419317746263	0.0	snp
126	28S_M_Incognita_FXSY01002986.1:5367-8999	1486	['3208', '4252']	T	A	3208.0	4252.0	0.0	7460.0	0.43002680965147455	0.5699731903485254	0.0	snp
127	28S_M_Incognita_FXSY01002986.1:5367-8999	1493	['433', '1384', '2857']	ATTCCGTGAAG	ATTTTCTGTGAAA,ATTTTGTTAAAA	433.0	1384.0	2857.0	4674.0	0.09264013692768507	0.2961061189559264	0.6112537441163886	complex,complex
128	28S_M_Incognita_FXSY01002986.1:5367-8999	1662	['4588', '3372']	C	T	4588.0	3372.0	0.0	7960.0	0.5763819095477387	0.4236180904522613	0.0	snp
129	28S_M_Incognita_FXSY01002986.1:5367-8999	1717	['6426', '1625']	G	T	6426.0	1625.0	0.0	8051.0	0.7981617190411129	0.2018382809588871	0.0	snp
130	28S_M_Incognita_FXSY01002986.1:5367-8999	1729	['6402', '1669']	G	A	6402.0	1669.0	0.0	8071.0	0.7932102589518027	0.20678974104819725	0.0	snp
131	28S_M_Incognita_FXSY01002986.1:5367-8999	1743	['3147', '4056']	TT	AC	3147.0	4056.0	0.0	7203.0	0.43690129112869636	0.5630987088713036	0.0	mnp
132	28S_M_Incognita_FXSY01002986.1:5367-8999	1750	['1530', '5668']	CACCC	TACCT	1530.0	5668.0	0.0	7198.0	0.2125590441789386	0.7874409558210614	0.0	complex
133	28S_M_Incognita_FXSY01002986.1:5367-8999	1805	['5350', '2741']	G	T	5350.0	2741.0	0.0	8091.0	0.6612285255221851	0.33877147447781486	0.0	snp
134	28S_M_Incognita_FXSY01002986.1:5367-8999	1808	['6862', '1179']	G	A	6862.0	1179.0	0.0	8041.0	0.853376445715707	0.146623554284293	0.0	snp
135	28S_M_Incognita_FXSY01002986.1:5367-8999	1815	['4957', '3084']	A	G	4957.0	3084.0	0.0	8041.0	0.6164656137296356	0.3835343862703644	0.0	snp
136	28S_M_Incognita_FXSY01002986.1:5367-8999	1850	['1659', '6211']	T	C	1659.0	6211.0	0.0	7870.0	0.2108005082592122	0.7891994917407879	0.0	snp
137	28S_M_Incognita_FXSY01002986.1:5367-8999	1897	['6159', '1296']	G	A	6159.0	1296.0	0.0	7455.0	0.8261569416498994	0.1738430583501006	0.0	snp
138	28S_M_Incognita_FXSY01002986.1:5367-8999	1900	['5320', '2101']	C	T	5320.0	2101.0	0.0	7421.0	0.7168845169114675	0.2831154830885325	0.0	snp
139	28S_M_Incognita_FXSY01002986.1:5367-8999	1936	['4907', '2369']	G	A	4907.0	2369.0	0.0	7276.0	0.6744090159428258	0.3255909840571743	0.0	snp
140	28S_M_Incognita_FXSY01002986.1:5367-8999	1944	['4859', '2370']	C	T	4859.0	2370.0	0.0	7229.0	0.6721538248720431	0.32784617512795683	0.0	snp
142	28S_M_Incognita_FXSY01002986.1:5367-8999	2018	['6570', '1334']	A	C	6570.0	1334.0	0.0	7904.0	0.8312246963562753	0.1687753036437247	0.0	snp
143	28S_M_Incognita_FXSY01002986.1:5367-8999	2037	['6237', '2048']	CC	TT	6237.0	2048.0	0.0	8285.0	0.7528062764031382	0.2471937235968618	0.0	mnp
145	28S_M_Incognita_FXSY01002986.1:5367-8999	2179	['5903', '2606']	A	T	5903.0	2606.0	0.0	8509.0	0.6937360441885063	0.30626395581149374	0.0	snp
148	28S_M_Incognita_FXSY01002986.1:5367-8999	2205	['1793', '6074']	C	A	1793.0	6074.0	0.0	7867.0	0.22791407143765094	0.772085928562349	0.0	snp
149	28S_M_Incognita_FXSY01002986.1:5367-8999	2210	['339', '3305', '3474']	CTTCTTA	CCTTT,CCTTA	339.0	3305.0	3474.0	7118.0	0.047625737566732225	0.464315819050295	0.4880584433829727	complex,del
150	28S_M_Incognita_FXSY01002986.1:5367-8999	2260	['4010', '3804']	C	T	4010.0	3804.0	0.0	7814.0	0.5131814691579217	0.4868185308420783	0.0	snp
151	28S_M_Incognita_FXSY01002986.1:5367-8999	2289	['6364', '2171']	A	G	6364.0	2171.0	0.0	8535.0	0.7456356180433509	0.25436438195664907	0.0	snp
154	28S_M_Incognita_FXSY01002986.1:5367-8999	2761	['1373', '7158']	C	A	1373.0	7158.0	0.0	8531.0	0.16094244519985934	0.8390575548001407	0.0	snp
155	28S_M_Incognita_FXSY01002986.1:5367-8999	3292	['807', '7094']	C	T	807.0	7094.0	0.0	7901.0	0.10213896975066447	0.8978610302493355	0.0	snp
156	28S_M_Incognita_FXSY01002986.1:5367-8999	3422	['1368', '5073']	ACT	AT	1368.0	5073.0	0.0	6441.0	0.21238938053097345	0.7876106194690266	0.0	del
158	28S_M_Incognita_FXSY01002986.1:5367-8999	3463	['1200', '6500']	C	T	1200.0	6500.0	0.0	7700.0	0.15584415584415584	0.8441558441558441	0.0	snp
159	28S_M_Incognita_FXSY01002986.1:5367-8999	3514	['99', '4898', '1394']	GGTTA	TGTGTA,GGTGTA	99.0	4898.0	1394.0	6391.0	0.01549053356282272	0.7663902362697543	0.21811923016742293	complex,ins
161	28S_M_Incognita_FXSY01002986.1:5367-8999	3574	['2022', '5011']	TC	AT	2022.0	5011.0	0.0	7033.0	0.28750177733541876	0.7124982226645813	0.0	mnp
